data_dir,sequence_file,label_file,convolution_type,kernel_size,kernel_count,alpha,beta,distribution,linear_layer_shapes,l1_lambda,l2_lambda,batch_size,epochs,learning_rate,n_splits,stratify,trainLoss,trainAUROC,trainAccuracy,trainF1,valLoss,valAUROC,valAccuracy,valF1
dataset1,SRR3101734_seq.fa,SRR3101734_out.dat,custom,12,128,10,0.1,"[0.3, 0.2, 0.2, 0.3]",[32],0.001,0,64,20,0.001,10,True,0.29858437180519104,0.9836100757122039,0.9331344783306121,0.9331344783306121,0.5529165625572204,0.855132806301117,0.7666853964328766,0.7666853666305542
dataset1,SRR3101734_seq.fa,SRR3101734_out.dat,custom,12,512,10,0.1,"[0.3, 0.2, 0.2, 0.3]",[32],0.001,0,64,20,0.001,10,True,0.31416939198970795,0.9804669201374054,0.9263811945915222,0.9263811945915222,0.5391384780406951,0.8705996155738831,0.7773361027240753,0.7773360848426819
dataset1,SRR3101734_seq.fa,SRR3101734_out.dat,custom,14,128,10,0.1,"[0.3, 0.2, 0.2, 0.3]",[32],0.001,0,64,20,0.001,10,True,0.26604796648025514,0.9905876457691193,0.9484579682350158,0.9484579682350158,0.5487240850925446,0.852984756231308,0.7648072957992553,0.7648072659969329
