data_dir,sequence_file,label_file,convolution_type,kernel_size,kernel_count,alpha,beta,distribution,linear_layer_shapes,l1_lambda,l2_lambda,batch_size,epochs,learning_rate,trainLoss,trainAUROC,trainAccuracy,valLoss,valAUROC,valAccuracy,bothLoss,bothAUROC,bothAccuracy
dataset1,SRR3101734_seq.fa,SRR3101734_out.dat,c,8,16,10,0.1,"[0.3, 0.2, 0.2, 0.3]",[8],0.001,0,64,20,0.001,0.5754638910293579,0.8451127409934998,0.7463064789772034,0.6189892292022705,0.7559607028961182,0.661596953868866,0.5798131227493286,0.8369734287261963,0.7378419637680054
dataset1,SRR3101734_seq.fa,SRR3101734_out.dat,c,8,16,10,0.1,"[0.3, 0.2, 0.2, 0.3]",[8],0.001,0,64,30,0.001,0.4931383430957794,0.8665028214454651,0.7754326462745667,0.5910453796386719,0.7721064686775208,0.6996197700500488,0.5029216408729553,0.8572258949279785,0.7678571343421936
dataset1,SRR3101734_seq.fa,SRR3101734_out.dat,c,8,16,10,0.1,"[0.3, 0.2, 0.2, 0.3]",[8],0.001,0,64,40,0.001,0.462085485458374,0.8797510266304016,0.7902068495750427,0.6052375435829163,0.7664930820465088,0.6958174705505371,0.47638988494873047,0.8691493272781372,0.7807750701904297
