device,version,seed,distribution,batch_size,alpha,beta,learning_rate,epochs,convolution_type,kernel_size,kernel_count,pool_type,linear_layer_shapes,l1_lambda,l2_lambda,dropout_p,early_stopping_criteria,best_score,trainLoss,trainAUROC,trainAccuracy,valLoss,valAUROC,valAccuracy
redwan-pc,145,63,"[0.3, 0.2, 0.2, 0.3]",64,10,0.1,0.001,-20,custom,5,4,max,[32],0.001,0,,valAccuracy,0.9695290923118591,0.20301280915737152,0.9921120405197144,0.9677121639251709,0.2123834490776062,0.9904454946517944,0.9695290923118591
redwan-pc,146,35,"[0.3, 0.2, 0.2, 0.3]",64,10,0.1,0.001,-20,custom,5,4,max,[32],0.001,0,,valAccuracy,0.9667590260505676,0.2875041961669922,0.9714178442955017,0.9381918907165527,0.2683444023132324,0.983594536781311,0.9556786417961121
redwan-pc,147,14,"[0.3, 0.2, 0.2, 0.3]",64,10,0.1,0.001,-20,custom,5,4,max,[32],0.001,0,,valAccuracy,0.9568965435028076,0.22025226056575775,0.9883840084075928,0.954023003578186,0.20944637060165405,0.996267557144165,0.9568965435028076
redwan-pc,148,14,"[0.3, 0.2, 0.2, 0.3]",64,10,0.1,0.001,-30,custom,5,4,max,[32],0.001,0,,valAccuracy,0.977011501789093,0.18508225679397583,0.9900680184364319,0.967432975769043,0.16338786482810974,0.9982163906097412,0.9712643623352051
